,Feature,gain
0,ST_Slope,49.910221099853516
1,ExerciseAngina,22.047908782958984
2,ChestPainType,12.058807373046875
3,Cholesterol,8.238253593444824
4,Sex,6.608375549316406
5,Oldpeak,6.39300012588501
6,MaxHR,5.117395877838135
7,FastingBS,4.66954231262207
8,Age,4.2821526527404785
9,RestingECG,3.5394716262817383
10,RestingBP,3.1187634468078613
